string,material,material1,material2,medium,surface
,"['', '', '', '']",,,,
4-color offset photolithograph on Hahnemühle-Bütten board,"['', '', '4-color offset photolithograph', 'Hahnemühle-Bütten board']",,,4-color offset photolithograph,Hahnemühle-Bütten board
Acrylic on birchwood,"['', '', 'Acrylic', 'birchwood']",,,Acrylic,birchwood
Acrylic on board,"['', '', 'Acrylic', 'board']",,,Acrylic,board
Acrylic on canvas,"['', '', 'Acrylic', 'canvas']",,,Acrylic,canvas
Acrylic on paper,"['', '', 'Acrylic', 'paper']",,,Acrylic,paper
Acrylic on wood and ceramic,"['', '', 'Acrylic', 'wood and ceramic']",,,Acrylic,wood and ceramic
"Acrylic, fire wax, variegated brass leaf on stainless steel","['', '', 'Acrylic, fire wax, variegated brass leaf', 'stainless steel']",,,"Acrylic, fire wax, variegated brass leaf",stainless steel
Agate,"['Agate', '', '', '']",Agate,,,
Alabaster,"['Alabaster', '', '', '']",Alabaster,,,
Alabaster marble with traces of red pigment and gold leaf,"['Alabaster marble with traces of red pigment', 'gold leaf', '', '']",Alabaster marble with traces of red pigment,gold leaf,,
Aluminum,"['Aluminum', '', '', '']",Aluminum,,,
Amber,"['Amber', '', '', '']",Amber,,,
Aquatint,"['Aquatint', '', '', '']",Aquatint,,,
"Aquatint, sugar-lift, and one color screen print","['Aquatint, sugar-lift,', 'one color screen print', '', '']","Aquatint, sugar-lift,",one color screen print,,
Archival Pigment Print,"['', '', '', '']",,,,
"Archival Pigment print, analog Tri-X film","['', '', '', '']",,,,
Archival carbon black pigment inkjet print on Hahnemühle Photo Rag Paper,"['', '', 'Archival carbon black pigment inkjet print', 'Hahnemühle Photo Rag Paper']",,,Archival carbon black pigment inkjet print,Hahnemühle Photo Rag Paper
Archival inkjet print,"['', '', '', '']",,,,
Archival pigment print,"['', '', '', '']",,,,
"Archival pigment print, Epson Ultra Chrome K3 Inkset, printed on Simply Elegant silk fiber paper","['', '', 'Archival pigment print, Epson Ultra Chrome K3 Inkset, printed', 'Simply Elegant silk fiber paper']",,,"Archival pigment print, Epson Ultra Chrome K3 Inkset, printed",Simply Elegant silk fiber paper
"Archival pigment print, Leica S, digital","['', '', '', '']",,,,
"Archival pigment print, Sony, digital","['', '', '', '']",,,,
"Archival pigment print, digital 35mm","['', '', '', '']",,,,
"Archival pigment print, printed later; analog Tri-X film","['', '', '', '']",,,,
Archival pigmented ink jet print,"['', '', '', '']",,,,
Arita ware,"['', '', '', '']",,,,
Artist's book,"['', '', '', '']",,,,
Artist's book containing 25 lithographs,"['', '', '', '']",,,,
"Artist's book, offset-lithography","['', '', '', '']",,,,
"Artist's book, offset-lithography and rubberstamp","[""Artist's book, offset-lithography"", 'rubberstamp', '', '']","Artist's book, offset-lithography",rubberstamp,,
Bamboo,"['Bamboo', '', '', '']",Bamboo,,,
Bamboo and ivory,"['Bamboo', 'ivory', '', '']",Bamboo,ivory,,
Bamboo and string on a wood base,"['', '', 'Bamboo and string', 'a wood base']",,,Bamboo and string,a wood base
Barium and lead-based glass,"['Barium', 'lead-based glass', '', '']",Barium,lead-based glass,,
Beaded mask,"['', '', '', '']",,,,
Beads and string,"['Beads', 'string', '', '']",Beads,string,,
"Beads, string","['', '', '', '']",,,,
Bingata dye-work on cloth,"['', '', 'Bingata dye-work', 'cloth']",,,Bingata dye-work,cloth
Bisque,"['Bisque', '', '', '']",Bisque,,,
Bisque ware,"['', '', '', '']",,,,
Bisque with crackle glaze,"['', '', '', '']",,,,
Black and white chalk on paper,"['', '', 'Black and white chalk', 'paper']",,,Black and white chalk,paper
"Black lacquered wood, agate, wood, ivory","['', '', '', '']",,,,
Blackened steel inlaid with gold and silver,"['Blackened steel inlaid with gold', 'silver', '', '']",Blackened steel inlaid with gold,silver,,
Blue ink on paper,"['', '', 'Blue ink', 'paper']",,,Blue ink,paper
Bone,"['Bone', '', '', '']",Bone,,,
Bone and leather,"['Bone', 'leather', '', '']",Bone,leather,,
Bone and wood,"['Bone', 'wood', '', '']",Bone,wood,,
"Bone, ceramic, wood","['', '', '', '']",,,,
Book,"['Book', '', '', '']",Book,,,
Book with original lithograph (inserted into book),"['', '', '', '']",,,,
Book with original lithographs and mobile,"['Book with original lithographs', 'mobile', '', '']",Book with original lithographs,mobile,,
Book with two wood-engravings,"['', '', '', '']",,,,
"Book, Unlimited Edition","['', '', '', '']",,,,
"Book, with drawing (part of inscription)","['', '', '', '']",,,,
"Book, with lithographs","['', '', '', '']",,,,
"Book, with original color pen drawing (part of the inscription)","['', '', '', '']",,,,
"Book, with original color pen drawing from Hinterreiter (part of inscription)","['', '', '', '']",,,,
"Book, with original pen drawing (part of inscription)","['', '', '', '']",,,,
Brass,"['Brass', '', '', '']",Brass,,,
Brass - and emerald?,"['Brass -', 'emerald?', '', '']",Brass -,emerald?,,
Bronze,"['Bronze', '', '', '']",Bronze,,,
Bronze and mother of pearl,"['Bronze', 'mother of pearl', '', '']",Bronze,mother of pearl,,
Bronze medallion,"['', '', '', '']",,,,
Bronze with gold plating,"['', '', '', '']",,,,
Bronze with malachite,"['', '', '', '']",,,,
Bronze with skin drum head,"['', '', '', '']",,,,
Bronze with wood handle,"['', '', '', '']",,,,
Bronze with wooden stand,"['', '', '', '']",,,,
"Bronze, ceramic","['', '', '', '']",,,,
"Bronze, partially gilded with marble base","['', '', '', '']",,,,
"Bronze, semi-precious stones","['', '', '', '']",,,,
"Bronze, wood","['', '', '', '']",,,,
Brush and chinese ink on paper,"['', '', 'Brush and chinese ink', 'paper']",,,Brush and chinese ink,paper
Buff-red earthenware painted black and red,"['Buff-red earthenware painted black', 'red', '', '']",Buff-red earthenware painted black,red,,
"Calcite, pyrite, rust, razor blade, blue grass, paint, paper, and ink on card","['', '', 'Calcite, pyrite, rust, razor blade, blue grass, paint, paper, and ink', 'card']",,,"Calcite, pyrite, rust, razor blade, blue grass, paint, paper, and ink",card
"Carribou skin, animal fur","['', '', '', '']",,,,
Carved wood with marble top,"['', '', '', '']",,,,
Cast,"['Cast', '', '', '']",Cast,,,
Cast brass,"['', '', '', '']",,,,
Cast bronze,"['', '', '', '']",,,,
Ceramic,"['Ceramic', '', '', '']",Ceramic,,,
Ceramic and stone,"['Ceramic', 'stone', '', '']",Ceramic,stone,,
Ceramic with glaze and wood,"['Ceramic with glaze', 'wood', '', '']",Ceramic with glaze,wood,,
Chalcedony,"['Chalcedony', '', '', '']",Chalcedony,,,
Chalk on paper,"['', '', 'Chalk', 'paper']",,,Chalk,paper
Charcoal on laid paper,"['', '', 'Charcoal', 'laid paper']",,,Charcoal,laid paper
Charcoal on paper,"['', '', 'Charcoal', 'paper']",,,Charcoal,paper
Chiaroscuro woodcut,"['', '', '', '']",,,,
Chiaroscuro woodcut on laid paper,"['', '', 'Chiaroscuro woodcut', 'laid paper']",,,Chiaroscuro woodcut,laid paper
Chiaroscuro woodcut on wove paper,"['', '', 'Chiaroscuro woodcut', 'wove paper']",,,Chiaroscuro woodcut,wove paper
Chiaroscuro woodcut on wove paper (mounted on laid paper),"['', '', 'Chiaroscuro woodcut', 'wove paper (mounted']",,,Chiaroscuro woodcut,wove paper (mounted
Chiaroscuro woodcut on wove paper mounted on laid paper,"['', '', 'Chiaroscuro woodcut', 'wove paper mounted']",,,Chiaroscuro woodcut,wove paper mounted
Chromogenic development print,"['', '', '', '']",,,,
Chromogenic print,"['', '', '', '']",,,,
Chromolithgraph,"['Chromolithgraph', '', '', '']",Chromolithgraph,,,
Chromolithograph,"['Chromolithograph', '', '', '']",Chromolithograph,,,
Cibachrome print,"['', '', '', '']",,,,
Cinnabar,"['Cinnabar', '', '', '']",Cinnabar,,,
Clay,"['Clay', '', '', '']",Clay,,,
Cloisonne,"['Cloisonne', '', '', '']",Cloisonne,,,
Cloth,"['Cloth', '', '', '']",Cloth,,,
Cloth and other organic material,"['Cloth', 'other organic material', '', '']",Cloth,other organic material,,
"Cloth, metal","['', '', '', '']",,,,
Collage,"['Collage', '', '', '']",Collage,,,
Collage and gouache with colored pencil on paper,"['', '', 'Collage and gouache with colored pencil', 'paper']",,,Collage and gouache with colored pencil,paper
Collage and intaglio,"['Collage', 'intaglio', '', '']",Collage,intaglio,,
Collage and lithograph,"['Collage', 'lithograph', '', '']",Collage,lithograph,,
Collage and oil on canvas,"['', '', 'Collage and oil', 'canvas']",,,Collage and oil,canvas
Collage and watercolor on paper,"['', '', 'Collage and watercolor', 'paper']",,,Collage and watercolor,paper
Collage on board with graphite,"['', '', 'Collage', 'board with graphite']",,,Collage,board with graphite
Collage on board with graphite and paint,"['', '', 'Collage', 'board with graphite and paint']",,,Collage,board with graphite and paint
Collage with colored pencil,"['', '', '', '']",,,,
Collage with graphite,"['', '', '', '']",,,,
Collage/painting,"['Collage/painting', '', '', '']",Collage/painting,,,
Collograph,"['Collograph', '', '', '']",Collograph,,,
Collotype,"['Collotype', '', '', '']",Collotype,,,
Collotype with crayon or black chalk,"['', '', '', '']",,,,
Collotype with gouache and crayon or black chalk,"['Collotype with gouache', 'crayon or black chalk', '', '']",Collotype with gouache,crayon or black chalk,,
Color lithograph,"['', '', '', '']",,,,
Color on paper,"['', '', 'Color', 'paper']",,,Color,paper
Color on silk,"['', '', 'Color', 'silk']",,,Color,silk
Color print,"['', '', '', '']",,,,
Color woodblock print,"['', '', '', '']",,,,
"Colored iron oxide, muttonfat nephrite jade","['', '', '', '']",,,,
Colored pencil,"['', '', '', '']",,,,
Colored pencil and graphite,"['Colored pencil', 'graphite', '', '']",Colored pencil,graphite,,
Colored pencil and graphite on paper,"['', '', 'Colored pencil and graphite', 'paper']",,,Colored pencil and graphite,paper
Colored pencil with graphite,"['', '', '', '']",,,,
Colored pencil with graphite and ink,"['Colored pencil with graphite', 'ink', '', '']",Colored pencil with graphite,ink,,
Colored stipple engraving,"['', '', '', '']",,,,
Conch shell,"['', '', '', '']",,,,
Conté Crayon on paper,"['', '', 'Conté Crayon', 'paper']",,,Conté Crayon,paper
Copper,"['Copper', '', '', '']",Copper,,,
Copper and brass,"['Copper', 'brass', '', '']",Copper,brass,,
Copper with blue & white champlevé enamel,"['', '', '', '']",,,,
Cotton,"['Cotton', '', '', '']",Cotton,,,
Crayon and oil on paper,"['', '', 'Crayon and oil', 'paper']",,,Crayon and oil,paper
Crayon on gold foil paper,"['', '', 'Crayon', 'gold foil paper']",,,Crayon,gold foil paper
"Crayon, pen and graphite on paper","['', '', 'Crayon, pen and graphite', 'paper']",,,"Crayon, pen and graphite",paper
Cut paper,"['', '', '', '']",,,,
Damascene (inlaid iron),"['', '', '', '']",,,,
Day-glo paint on wood,"['', '', 'Day-glo paint', 'wood']",,,Day-glo paint,wood
"Dedicated book, with original color pen drawing (part of inscription)","['', '', '', '']",,,,
Deep etching,"['', '', '', '']",,,,
"Digital and screen printed, Mohawk Superfine cover paper","['Digital', 'screen printed, Mohawk Superfine cover paper', '', '']",Digital,"screen printed, Mohawk Superfine cover paper",,
Digital chromogenic print,"['', '', '', '']",,,,
Digital pigment print,"['', '', '', '']",,,,
Digital pigment print on Hahnemule rag paper,"['', '', 'Digital pigment print', 'Hahnemule rag paper']",,,Digital pigment print,Hahnemule rag paper
Digital print on paper,"['', '', 'Digital print', 'paper']",,,Digital print,paper
Double-sided screen print on vellum,"['', '', 'Double-sided screen print', 'vellum']",,,Double-sided screen print,vellum
Drawing,"['Drawing', '', '', '']",Drawing,,,
Dry point,"['', '', '', '']",,,,
Drypoint,"['Drypoint', '', '', '']",Drypoint,,,
Drypoint and etching,"['Drypoint', 'etching', '', '']",Drypoint,etching,,
Drypoint etching,"['', '', '', '']",,,,
Duotone,"['Duotone', '', '', '']",Duotone,,,
Earthenware,"['Earthenware', '', '', '']",Earthenware,,,
Earthenware with Pigment,"['', '', '', '']",,,,
Earthenware with pigment,"['', '', '', '']",,,,
Earthenware with pigments,"['', '', '', '']",,,,
"Earthenware, white","['', '', '', '']",,,,
Electric-fired stoneware,"['', '', '', '']",,,,
Embellished metal,"['', '', '', '']",,,,
Embellished metal and ivory,"['Embellished metal', 'ivory', '', '']",Embellished metal,ivory,,
Embossed relief,"['', '', '', '']",,,,
Embroidered silk,"['', '', '', '']",,,,
Embroidered silk with gold thread,"['', '', '', '']",,,,
Embroidered silk with leather soles,"['', '', '', '']",,,,
"Embroidery with silver clasp and chain, inside-grayish velvet lining","['Embroidery with silver clasp', 'chain, inside-grayish velvet lining', '', '']",Embroidery with silver clasp,"chain, inside-grayish velvet lining",,
Enamel glazes,"['', '', '', '']",,,,
Enamel porcelain,"['', '', '', '']",,,,
Engraving,"['Engraving', '', '', '']",Engraving,,,
Engraving on laid paper,"['', '', 'Engraving', 'laid paper']",,,Engraving,laid paper
Engraving on vellum with hand illumination,"['', '', 'Engraving', 'vellum with hand illumination']",,,Engraving,vellum with hand illumination
Engraving on wove paper,"['', '', 'Engraving', 'wove paper']",,,Engraving,wove paper
Engraving with hand coloring in watercolor,"['', '', '', '']",,,,
"Engraving, hand colored","['', '', '', '']",,,,
Engravings,"['Engravings', '', '', '']",Engravings,,,
Etching,"['Etching', '', '', '']",Etching,,,
Etching and Mezzotint,"['Etching', 'Mezzotint', '', '']",Etching,Mezzotint,,
Etching and aquatint,"['Etching', 'aquatint', '', '']",Etching,aquatint,,
Etching and aquatint (on thin wove paper),"['Etching', 'aquatint (on thin wove paper)', '', '']",Etching,aquatint (on thin wove paper),,
"Etching and aquatint in one color, with sugar-lift aquatint in four colors","['Etching', 'aquatint in one color, with sugar-lift aquatint in four colors', '', '']",Etching,"aquatint in one color, with sugar-lift aquatint in four colors",,
Etching and chiaroscuro woodcut on laid paper,"['', '', 'Etching and chiaroscuro woodcut', 'laid paper']",,,Etching and chiaroscuro woodcut,laid paper
Etching and drypoint,"['Etching', 'drypoint', '', '']",Etching,drypoint,,
Etching and drypoint on laid paper,"['', '', 'Etching and drypoint', 'laid paper']",,,Etching and drypoint,laid paper
Etching and drypoint on wove paper,"['', '', 'Etching and drypoint', 'wove paper']",,,Etching and drypoint,wove paper
Etching and engraving,"['Etching', 'engraving', '', '']",Etching,engraving,,
Etching and mezzotint,"['Etching', 'mezzotint', '', '']",Etching,mezzotint,,
"Etching and sugar-lift aquatint in one color, with screenprinting in one color","['Etching', 'sugar-lift aquatint in one color, with screenprinting in one color', '', '']",Etching,"sugar-lift aquatint in one color, with screenprinting in one color",,
Etching and sugar-lift on chine collé,"['', '', 'Etching and sugar-lift', 'chine collé']",,,Etching and sugar-lift,chine collé
"Etching in one color, with sugar lift aquatint in five colors","['', '', '', '']",,,,
"Etching in one color, with sugar-lift aquatint in four colors","['', '', '', '']",,,,
"Etching in one color, with sugar-lift aquatint in six colors","['', '', '', '']",,,,
"Etching in one color, with sugar-lift aquatint in two colors","['', '', '', '']",,,,
Etching on buff wove paper,"['', '', 'Etching', 'buff wove paper']",,,Etching,buff wove paper
Etching on china collé,"['', '', 'Etching', 'china collé']",,,Etching,china collé
Etching on chine collé,"['', '', 'Etching', 'chine collé']",,,Etching,chine collé
Etching on handmade Acuario paper,"['', '', 'Etching', 'handmade Acuario paper']",,,Etching,handmade Acuario paper
Etching on heavy wove paper,"['', '', 'Etching', 'heavy wove paper']",,,Etching,heavy wove paper
Etching on laid paper,"['', '', 'Etching', 'laid paper']",,,Etching,laid paper
Etching on paper,"['', '', 'Etching', 'paper']",,,Etching,paper
Etching on silk,"['', '', 'Etching', 'silk']",,,Etching,silk
Etching on wove paper,"['', '', 'Etching', 'wove paper']",,,Etching,wove paper
Etching printed in blue/black with drypoint,"['', '', '', '']",,,,
Etching printed in white ink on black chine collé,"['', '', 'Etching printed in white ink', 'black chine collé']",,,Etching printed in white ink,black chine collé
Etching with aquatint,"['', '', '', '']",,,,
Etching with aquatint (on Rives Buff paper),"['', '', '', '']",,,,
Etching with carborundum,"['', '', '', '']",,,,
Etching with drypoint on wove paper,"['', '', 'Etching with drypoint', 'wove paper']",,,Etching with drypoint,wove paper
Etching with engraving on laid paper,"['', '', 'Etching with engraving', 'laid paper']",,,Etching with engraving,laid paper
Etching with flocking,"['', '', '', '']",,,,
Etching with hand coloring,"['', '', '', '']",,,,
Etching with watercolor,"['', '', '', '']",,,,
"Etching, Chine Collé","['', '', '', '']",,,,
"Etching, aquatint, silkscreen, gold leaf, in 4 colors","['', '', '', '']",,,,
"Etching, drypoint, acquatint and burnisher","['Etching, drypoint, acquatint', 'burnisher', '', '']","Etching, drypoint, acquatint",burnisher,,
"Etching, lithograph, and screen printing techniques on mulberry paper with hand-brushed tea stain and blue prisma color pencil with wire and thread","['', '', 'Etching, lithograph, and screen printing techniques', 'mulberry paper with hand-brushed tea stain and blue prisma color pencil with wire and thread']",,,"Etching, lithograph, and screen printing techniques",mulberry paper with hand-brushed tea stain and blue prisma color pencil with wire and thread
"Etching, mezzotint","['', '', '', '']",,,,
"Etching-drypoint, second state","['', '', '', '']",,,,
Etchings in drypoint,"['', '', '', '']",,,,
"Etchings, lithographs and a facsimile book","['Etchings, lithographs', 'a facsimile book', '', '']","Etchings, lithographs",a facsimile book,,
Fiery Canon print/paper on aluminum,"['', '', 'Fiery Canon print/paper', 'aluminum']",,,Fiery Canon print/paper,aluminum
Gelatin silver print,"['', '', '', '']",,,,
Gilded Bronze,"['', '', '', '']",,,,
Gilded wood,"['', '', '', '']",,,,
Gilded wood with red underpaint,"['', '', '', '']",,,,
Gilt bronze,"['', '', '', '']",,,,
Glass,"['Glass', '', '', '']",Glass,,,
Glazed ceramic,"['', '', '', '']",,,,
Glazed ceramic with underglaze blue design around opening,"['', '', '', '']",,,,
Gold,"['Gold', '', '', '']",Gold,,,
Gold and silver lacquer (maki-e) on black background,"['', '', 'Gold and silver lacquer (maki-e)', 'black background']",,,Gold and silver lacquer (maki-e),black background
Gold and silver lacquer on wood (inro);  metal (ojime); ivory and damascene ware (netsuke),"['', '', 'Gold and silver lacquer', 'wood (inro);  metal (ojime); ivory and damascene ware (netsuke)']",,,Gold and silver lacquer,wood (inro);  metal (ojime); ivory and damascene ware (netsuke)
Gold and silver lacquer on wood (inro); agate (ojime); lacquered wood (netsuke),"['', '', 'Gold and silver lacquer', 'wood (inro); agate (ojime); lacquered wood (netsuke)']",,,Gold and silver lacquer,wood (inro); agate (ojime); lacquered wood (netsuke)
Gold and silver lacquer on wood (inro); turquoise (ojime); metal (scoop set); ivory (netsuke),"['', '', 'Gold and silver lacquer', 'wood (inro); turquoise (ojime); metal (scoop set); ivory (netsuke)']",,,Gold and silver lacquer,wood (inro); turquoise (ojime); metal (scoop set); ivory (netsuke)
Gold lacquer (maki-e) on dark brown background,"['', '', 'Gold lacquer (maki-e)', 'dark brown background']",,,Gold lacquer (maki-e),dark brown background
Gold paint on paper,"['', '', 'Gold paint', 'paper']",,,Gold paint,paper
Gold wash on silver,"['', '', 'Gold wash', 'silver']",,,Gold wash,silver
Gouache,"['Gouache', '', '', '']",Gouache,,,
Gouache on board with punched holes,"['', '', 'Gouache', 'board with punched holes']",,,Gouache,board with punched holes
Gouache on board with punched holes and vellum with punched holes with colored pencil,"['', '', 'Gouache', 'board with punched holes and vellum with punched holes with colored pencil']",,,Gouache,board with punched holes and vellum with punched holes with colored pencil
Gouache on paper,"['', '', 'Gouache', 'paper']",,,Gouache,paper
Gouache on paper with punched holes,"['', '', 'Gouache', 'paper with punched holes']",,,Gouache,paper with punched holes
Gouache with colored pencil,"['', '', '', '']",,,,
Gouache with colored pencil and graphite,"['Gouache with colored pencil', 'graphite', '', '']",Gouache with colored pencil,graphite,,
Graphite and acrylic on collaged papers,"['', '', 'Graphite and acrylic', 'collaged papers']",,,Graphite and acrylic,collaged papers
Graphite and colored pencil on paper,"['', '', 'Graphite and colored pencil', 'paper']",,,Graphite and colored pencil,paper
Graphite and oil on board,"['', '', 'Graphite and oil', 'board']",,,Graphite and oil,board
Graphite and oil on colored paper,"['', '', 'Graphite and oil', 'colored paper']",,,Graphite and oil,colored paper
Graphite and oil on paper,"['', '', 'Graphite and oil', 'paper']",,,Graphite and oil,paper
Graphite and shellac on paper,"['', '', 'Graphite and shellac', 'paper']",,,Graphite and shellac,paper
Graphite and watercolor on paper,"['', '', 'Graphite and watercolor', 'paper']",,,Graphite and watercolor,paper
Graphite ink and debossing on Hannamule,"['', '', 'Graphite ink and debossing', 'Hannamule']",,,Graphite ink and debossing,Hannamule
Graphite ink on debossing on Hannamule,"['', '', 'Graphite ink', 'debossing']",,,Graphite ink,debossing
Graphite on grey paper heightened with white,"['', '', 'Graphite', 'grey paper heightened with white']",,,Graphite,grey paper heightened with white
Graphite on paper,"['', '', 'Graphite', 'paper']",,,Graphite,paper
Graphite on thick wove paper,"['', '', 'Graphite', 'thick wove paper']",,,Graphite,thick wove paper
Graphite on wove paper,"['', '', 'Graphite', 'wove paper']",,,Graphite,wove paper
Graphite powder with gum arabic on paper,"['', '', 'Graphite powder with gum arabic', 'paper']",,,Graphite powder with gum arabic,paper
Graphite with oil on paper,"['', '', 'Graphite with oil', 'paper']",,,Graphite with oil,paper
Graphite with white on colored paper,"['', '', 'Graphite with white', 'colored paper']",,,Graphite with white,colored paper
"Graphite, ink and acrylic on paper","['', '', 'Graphite, ink and acrylic', 'paper']",,,"Graphite, ink and acrylic",paper
Gray earthenware molded and sculpted with traces of pigmentation,"['Gray earthenware molded', 'sculpted with traces of pigmentation', '', '']",Gray earthenware molded,sculpted with traces of pigmentation,,
Grey earthenware,"['', '', '', '']",,,,
Hand colored aquatint,"['', '', '', '']",,,,
"Hand mixed natural pigments, mineral paints and 24k gold on paper","['', '', 'Hand mixed natural pigments, mineral paints and 24k gold', 'paper']",,,"Hand mixed natural pigments, mineral paints and 24k gold",paper
Hand-colored aquatint,"['', '', '', '']",,,,
Hand-colored engraving,"['', '', '', '']",,,,
Hand-colored lithograph,"['', '', '', '']",,,,
Handpainted paper relief,"['', '', '', '']",,,,
"Hard and soft ground etching, engraving, photo etching, and lithograph","['Hard', 'soft ground etching, engraving, photo etching,', '', '']",Hard,"soft ground etching, engraving, photo etching,",,
Hardstone,"['Hardstone', '', '', '']",Hardstone,,,
"Heliogravure with sugar lift, burnishing, and drypoint","['Heliogravure with sugar lift, burnishing,', 'drypoint', '', '']","Heliogravure with sugar lift, burnishing,",drypoint,,
Horn and metal,"['Horn', 'metal', '', '']",Horn,metal,,
"Hunan Black ware, stoneware","['', '', '', '']",,,,
India ink on paper,"['', '', 'India ink', 'paper']",,,India ink,paper
Indigo-dyed cotton--Ikat weave,"['', '', '', '']",,,,
Ink & color on paper,"['', '', 'Ink & color', 'paper']",,,Ink & color,paper
"Ink & color on silk, with wooden covers","['', '', 'Ink & color', 'silk, with wooden covers']",,,Ink & color,"silk, with wooden covers"
"Ink & slight color on paper, bamboo ribs","['', '', 'Ink & slight color', 'paper, bamboo ribs']",,,Ink & slight color,"paper, bamboo ribs"
Ink and Pencil,"['Ink', 'Pencil', '', '']",Ink,Pencil,,
Ink and acrylic on paper,"['', '', 'Ink and acrylic', 'paper']",,,Ink and acrylic,paper
Ink and color on arch-shaped vellum,"['', '', 'Ink and color', 'arch-shaped vellum']",,,Ink and color,arch-shaped vellum
Ink and color on gold leaf,"['', '', 'Ink and color', 'gold leaf']",,,Ink and color,gold leaf
Ink and color on paper,"['', '', 'Ink and color', 'paper']",,,Ink and color,paper
"Ink and color on paper, bamboo ribs","['', '', 'Ink and color', 'paper, bamboo ribs']",,,Ink and color,"paper, bamboo ribs"
"Ink and color on paper, book","['', '', 'Ink and color', 'paper, book']",,,Ink and color,"paper, book"
"Ink and color on paper, with bamboo inner ribs, outer ribs of ivory with gold lacquer","['', '', 'Ink and color', 'paper, with bamboo inner ribs, outer ribs of ivory with gold lacquer']",,,Ink and color,"paper, with bamboo inner ribs, outer ribs of ivory with gold lacquer"
Ink and color on silk,"['', '', 'Ink and color', 'silk']",,,Ink and color,silk
Ink and color on vellum,"['', '', 'Ink and color', 'vellum']",,,Ink and color,vellum
Ink and gold on paper,"['', '', 'Ink and gold', 'paper']",,,Ink and gold,paper
Ink and graphite on paper,"['', '', 'Ink and graphite', 'paper']",,,Ink and graphite,paper
Ink and paper on paper,"['', '', 'Ink and paper', 'paper']",,,Ink and paper,paper
Ink and slight color on paper,"['', '', 'Ink and slight color', 'paper']",,,Ink and slight color,paper
Ink and slight color on silk,"['', '', 'Ink and slight color', 'silk']",,,Ink and slight color,silk
Ink and wash on paper,"['', '', 'Ink and wash', 'paper']",,,Ink and wash,paper
"Ink and wash, heightened with white on paper","['', '', 'Ink and wash, heightened with white', 'paper']",,,"Ink and wash, heightened with white",paper
"Ink on Japanese paper, stencil print","['', '', 'Ink', 'Japanese paper, stencil print']",,,Ink,"Japanese paper, stencil print"
Ink on mica paper,"['', '', 'Ink', 'mica paper']",,,Ink,mica paper
Ink on paper,"['', '', 'Ink', 'paper']",,,Ink,paper
Ink on paper hanging scroll,"['', '', 'Ink', 'paper hanging scroll']",,,Ink,paper hanging scroll
Ink on paper laid down on silk,"['', '', 'Ink', 'paper laid down']",,,Ink,paper laid down
Ink on paper mounted on cardboard,"['', '', 'Ink', 'paper mounted']",,,Ink,paper mounted
Ink on silk,"['', '', 'Ink', 'silk']",,,Ink,silk
Ink rubbing,"['', '', '', '']",,,,
Ink wash on paper,"['', '', 'Ink wash', 'paper']",,,Ink wash,paper
"Ink, compressed with gold and silver","['Ink, compressed with gold', 'silver', '', '']","Ink, compressed with gold",silver,,
"Ink, compressed with gold, silver, and colored pigment","['Ink, compressed with gold, silver,', 'colored pigment', '', '']","Ink, compressed with gold, silver,",colored pigment,,
"Ink, gold paint, and colored pencil on wove paper","['', '', 'Ink, gold paint, and colored pencil', 'wove paper']",,,"Ink, gold paint, and colored pencil",wove paper
Intaglio,"['Intaglio', '', '', '']",Intaglio,,,
Intaglio and collograph in color from a paperboard matrix,"['Intaglio', 'collograph in color from a paperboard matrix', '', '']",Intaglio,collograph in color from a paperboard matrix,,
Intaglio and relief print,"['Intaglio', 'relief print', '', '']",Intaglio,relief print,,
Intaglio and woodcut on chine collé,"['', '', 'Intaglio and woodcut', 'chine collé']",,,Intaglio and woodcut,chine collé
Intaglio with photogravure,"['', '', '', '']",,,,
"Intaglio, hand painted shellac","['', '', '', '']",,,,
Iron,"['Iron', '', '', '']",Iron,,,
Iron or bronze with semi-precious stones,"['', '', '', '']",,,,
Ivory,"['Ivory', '', '', '']",Ivory,,,
Jade,"['Jade', '', '', '']",Jade,,,
Jade with gilt,"['', '', '', '']",,,,
Jadeite,"['Jadeite', '', '', '']",Jadeite,,,
Kurume-gasuri indigo-dyed cloth,"['', '', '', '']",,,,
Lacquer,"['Lacquer', '', '', '']",Lacquer,,,
Lacquer and metal,"['Lacquer', 'metal', '', '']",Lacquer,metal,,
Lacquer on wood and inlaid mother of pearl and stone in ivory,"['', '', 'Lacquer', 'wood and inlaid mother of pearl and stone in ivory']",,,Lacquer,wood and inlaid mother of pearl and stone in ivory
Lacquer with gold and silver,"['Lacquer with gold', 'silver', '', '']",Lacquer with gold,silver,,
Lacquered and gilt wood,"['Lacquered', 'gilt wood', '', '']",Lacquered,gilt wood,,
Lacquered wood,"['', '', '', '']",,,,
"Lacquered wood, ivory","['', '', '', '']",,,,
"Lacquered wood, ivory, bone","['', '', '', '']",,,,
Laminated poplar,"['', '', '', '']",,,,
Lead,"['Lead', '', '', '']",Lead,,,
Leather Bound Manuscript Pages,"['', '', '', '']",,,,
Leather relief,"['', '', '', '']",,,,
"Leather, cloth, bronze, carved wood","['', '', '', '']",,,,
Letterpress print,"['', '', '', '']",,,,
"Letterpress print (French's Kraftone paper, Superior oil-based inks, historic wood and metal type…","[""Letterpress print (French's Kraftone paper, Superior oil-based inks, historic wood"", 'metal type…', '', '']","Letterpress print (French's Kraftone paper, Superior oil-based inks, historic wood",metal type…,,
"Letterpress print (Goudy Sans Serif metal type, hand-drawn images from Camarasaurus…","['', '', '', '']",,,,
"Letterpress print (Letterpress printed wood type, photopolymer, Caslon Old Style Metal Type...","['', '', '', '']",,,,
"Letterpress print (hand-set Bulmer types, linotype borders, photopolymer plate...","['', '', '', '']",,,,
Letterpress print (handset metal type and vintage copper relief block),"['Letterpress print (handset metal type', 'vintage copper relief block)', '', '']",Letterpress print (handset metal type,vintage copper relief block),,
"Letterpress print (handset wood and metal type, vintage catchwords and copper engraving…","['Letterpress print (handset wood', 'metal type, vintage catchwords', '', '']",Letterpress print (handset wood,"metal type, vintage catchwords",,
"Letterpress print (linoleum, metal type, Mohawk Superfine paper, rubber-based inks...","['', '', '', '']",,,,
"Letterpress print (metal type, Spartan heavy, Bulmer, rubber-based ink...","['', '', '', '']",,,,
"Letterpress print (on Strathmore sketchbook paper, wood and metal type, linoleum cut, three colors)","['Letterpress print (on Strathmore sketchbook paper, wood', 'metal type, linoleum cut, three colors)', '', '']","Letterpress print (on Strathmore sketchbook paper, wood","metal type, linoleum cut, three colors)",,
"Letterpress print (on printmaking paper, wood and metal type, oil-based inks)","['Letterpress print (on printmaking paper, wood', 'metal type, oil-based inks)', '', '']","Letterpress print (on printmaking paper, wood","metal type, oil-based inks)",,
"Letterpress print (printed at Hatch Show Print on a Vandercook SP-15, wood type, metal type…","['', '', 'Letterpress print (printed at Hatch Show Print', 'a Vandercook SP-15, wood type, metal type…']",,,Letterpress print (printed at Hatch Show Print,"a Vandercook SP-15, wood type, metal type…"
"Letterpress print (printed on a Nolan proof press, rubber-based ink, 80 pound cover Dur-o-tone…","['', '', 'Letterpress print (printed', 'a Nolan proof press, rubber-based ink, 80 pound cover Dur-o-tone…']",,,Letterpress print (printed,"a Nolan proof press, rubber-based ink, 80 pound cover Dur-o-tone…"
"Letterpress print (using a Vandercook SP-15, polymer plates, Crane Lettra 90 lb flourescent...","['', '', '', '']",,,,
Letterpress print (wood type with overprinting),"['', '', '', '']",,,,
"Letterpress print (wood type, reduction linoleum relief print, oil-based ink, Domtar Cougar paper...","['', '', '', '']",,,,
Letterpress print on Cougar Digital paper,"['', '', 'Letterpress print', 'Cougar Digital paper']",,,Letterpress print,Cougar Digital paper
Letterpress print with handset type,"['', '', '', '']",,,,
Limestone,"['Limestone', '', '', '']",Limestone,,,
Limestone relief with polychrome,"['', '', '', '']",,,,
Limestone with polychrome,"['', '', '', '']",,,,
Limestone with traces of polychrome,"['', '', '', '']",,,,
Line etching and burnisher on wove paper,"['', '', 'Line etching and burnisher', 'wove paper']",,,Line etching and burnisher,wove paper
Line etching with burnisher on wove paper,"['', '', 'Line etching with burnisher', 'wove paper']",,,Line etching with burnisher,wove paper
Linocut,"['Linocut', '', '', '']",Linocut,,,
Linocut and letterpress,"['Linocut', 'letterpress', '', '']",Linocut,letterpress,,
Linocut and letterpress with spray paint,"['Linocut', 'letterpress with spray paint', '', '']",Linocut,letterpress with spray paint,,
Linoleum block print,"['', '', '', '']",,,,
"Linoleum block print on French Mills paper, printed on Vandercook 219, oil-based VanSon inks","['', '', 'Linoleum block print', 'French Mills paper, printed']",,,Linoleum block print,"French Mills paper, printed"
Linoleum block print with watercolor,"['', '', '', '']",,,,
Linoleum cut and letterpress print,"['Linoleum cut', 'letterpress print', '', '']",Linoleum cut,letterpress print,,
Lion bone,"['', '', '', '']",,,,
Lithograph,"['Lithograph', '', '', '']",Lithograph,,,
Lithograph (on Arches paper),"['', '', '', '']",,,,
"Lithograph and intaglio on Mulberry paper, hand sewn onto Arches Buff","['', '', 'Lithograph and intaglio', 'Mulberry paper, hand sewn onto Arches Buff']",,,Lithograph and intaglio,"Mulberry paper, hand sewn onto Arches Buff"
"Lithograph and letterpress on paper, thread","['', '', 'Lithograph and letterpress', 'paper, thread']",,,Lithograph and letterpress,"paper, thread"
Lithograph and paper clips,"['Lithograph', 'paper clips', '', '']",Lithograph,paper clips,,
Lithograph on Japanese paper,"['', '', 'Lithograph', 'Japanese paper']",,,Lithograph,Japanese paper
Lithograph on cast paper,"['', '', 'Lithograph', 'cast paper']",,,Lithograph,cast paper
Lithograph on chine collé,"['', '', 'Lithograph', 'chine collé']",,,Lithograph,chine collé
Lithograph on laid paper,"['', '', 'Lithograph', 'laid paper']",,,Lithograph,laid paper
Lithograph on wove paper,"['', '', 'Lithograph', 'wove paper']",,,Lithograph,wove paper
Lithograph on wove paper mounted on illustration board,"['', '', 'Lithograph', 'wove paper mounted']",,,Lithograph,wove paper mounted
Lithograph reproduction of an engraving,"['', '', '', '']",,,,
Lithograph with hand color,"['', '', '', '']",,,,
Lithographs,"['Lithographs', '', '', '']",Lithographs,,,
Lithographs and printing,"['Lithographs', 'printing', '', '']",Lithographs,printing,,
"Macrame hemp string, resin (face), beaten bark (skirt), and other organic materials","['Macrame hemp string, resin (face), beaten bark (skirt),', 'other organic materials', '', '']","Macrame hemp string, resin (face), beaten bark (skirt),",other organic materials,,
Marble,"['Marble', '', '', '']",Marble,,,
Marble with traces of color and gilding,"['Marble with traces of color', 'gilding', '', '']",Marble with traces of color,gilding,,
Metal,"['Metal', '', '', '']",Metal,,,
Metal base,"['', '', '', '']",,,,
Metallic glazed porcelain,"['', '', '', '']",,,,
Mezzotint,"['Mezzotint', '', '', '']",Mezzotint,,,
Mezzotint etching,"['', '', '', '']",,,,
Mezzotint on wove paper,"['', '', 'Mezzotint', 'wove paper']",,,Mezzotint,wove paper
Mezzotint with etching,"['', '', '', '']",,,,
Mineral color on gold leaf,"['', '', 'Mineral color', 'gold leaf']",,,Mineral color,gold leaf
Mixed media,"['', '', '', '']",,,,
Mixed media on canvas,"['', '', 'Mixed media', 'canvas']",,,Mixed media,canvas
Mixed media on canvas and wood,"['', '', 'Mixed media', 'canvas and wood']",,,Mixed media,canvas and wood
Mixed media on handmade paper,"['', '', 'Mixed media', 'handmade paper']",,,Mixed media,handmade paper
Mixed media on masonite,"['', '', 'Mixed media', 'masonite']",,,Mixed media,masonite
Mixed media on panel,"['', '', 'Mixed media', 'panel']",,,Mixed media,panel
Mixed media on paper,"['', '', 'Mixed media', 'paper']",,,Mixed media,paper
Mixed media on paper with collage,"['', '', 'Mixed media', 'paper with collage']",,,Mixed media,paper with collage
Monotype,"['Monotype', '', '', '']",Monotype,,,
Muttonfat nephrite jade,"['', '', '', '']",,,,
"Natural fiber, cowrie shell, boar tusks","['', '', '', '']",,,,
Natural fibers and pierced nassa shells,"['Natural fibers', 'pierced nassa shells', '', '']",Natural fibers,pierced nassa shells,,
Oak,"['Oak', '', '', '']",Oak,,,
Oak panel,"['', '', '', '']",,,,
Offset Lithograph,"['', '', '', '']",,,,
Offset lithograph,"['', '', '', '']",,,,
Offset lithograph (reproduction),"['', '', '', '']",,,,
Offset lithograph based on an etching or drawing.,"['', '', 'Offset lithograph based', 'an etching or drawing.']",,,Offset lithograph based,an etching or drawing.
Offset lithograph mounted on foam core,"['', '', 'Offset lithograph mounted', 'foam core']",,,Offset lithograph mounted,foam core
Offset lithograph with hand coloring,"['', '', '', '']",,,,
"Offset lithograph, book","['', '', '', '']",,,,
Offset lithographs,"['', '', '', '']",,,,
"Offset lithographs on card stock; poem, in French and English, on paper and mylar","['', '', 'Offset lithographs', 'card stock; poem, in French and English,']",,,Offset lithographs,"card stock; poem, in French and English,"
Offset photolithograph,"['', '', '', '']",,,,
Oil,"['Oil', '', '', '']",Oil,,,
Oil and acrylic on masonite,"['', '', 'Oil and acrylic', 'masonite']",,,Oil and acrylic,masonite
Oil and charcoal on gesso panel,"['', '', 'Oil and charcoal', 'gesso panel']",,,Oil and charcoal,gesso panel
Oil and collage on plywood,"['', '', 'Oil and collage', 'plywood']",,,Oil and collage,plywood
Oil and collage on plywood panel,"['', '', 'Oil and collage', 'plywood panel']",,,Oil and collage,plywood panel
Oil and enamel on canvas,"['', '', 'Oil and enamel', 'canvas']",,,Oil and enamel,canvas
Oil and graphite on board,"['', '', 'Oil and graphite', 'board']",,,Oil and graphite,board
Oil and mixed media on canvas,"['', '', 'Oil and mixed media', 'canvas']",,,Oil and mixed media,canvas
Oil on board,"['', '', 'Oil', 'board']",,,Oil,board
Oil on canvas,"['', '', 'Oil', 'canvas']",,,Oil,canvas
Oil on canvas laid on honeycomb panel,"['', '', 'Oil', 'canvas laid']",,,Oil,canvas laid
Oil on canvas mounted on composition board,"['', '', 'Oil', 'canvas mounted']",,,Oil,canvas mounted
Oil on canvas mounted on wood panel,"['', '', 'Oil', 'canvas mounted']",,,Oil,canvas mounted
"Oil on canvas, in carved frame","['', '', 'Oil', 'canvas, in carved frame']",,,Oil,"canvas, in carved frame"
Oil on composition board,"['', '', 'Oil', 'composition board']",,,Oil,composition board
Oil on copper,"['', '', 'Oil', 'copper']",,,Oil,copper
Oil on linen,"['', '', 'Oil', 'linen']",,,Oil,linen
Oil on masonite,"['', '', 'Oil', 'masonite']",,,Oil,masonite
Oil on oak board,"['', '', 'Oil', 'oak board']",,,Oil,oak board
Oil on panel,"['', '', 'Oil', 'panel']",,,Oil,panel
Oil on paper,"['', '', 'Oil', 'paper']",,,Oil,paper
Oil on paper mounted on canvas,"['', '', 'Oil', 'paper mounted']",,,Oil,paper mounted
Oil on paper on canvas,"['', '', 'Oil', 'paper']",,,Oil,paper
Oil on wood,"['', '', 'Oil', 'wood']",,,Oil,wood
Oil on wood panel,"['', '', 'Oil', 'wood panel']",,,Oil,wood panel
Oil pastel on paper,"['', '', 'Oil pastel', 'paper']",,,Oil pastel,paper
"Oil pastel, oil paint, graphite and colored pencil on Fabriano paper","['', '', 'Oil pastel, oil paint, graphite and colored pencil', 'Fabriano paper']",,,"Oil pastel, oil paint, graphite and colored pencil",Fabriano paper
Oil stain on canvas,"['', '', 'Oil stain', 'canvas']",,,Oil stain,canvas
Onyx (multi-toned brown),"['', '', '', '']",,,,
Painted clay,"['', '', '', '']",,,,
Painted plaster,"['', '', '', '']",,,,
Painted steel,"['', '', '', '']",,,,
Painting,"['Painting', '', '', '']",Painting,,,
Painting and collage,"['Painting', 'collage', '', '']",Painting,collage,,
Painting on silk,"['', '', 'Painting', 'silk']",,,Painting,silk
Palm fiber,"['', '', '', '']",,,,
Paper collage,"['', '', '', '']",,,,
Pastel on paper,"['', '', 'Pastel', 'paper']",,,Pastel,paper
Pastel on paper and plywood,"['', '', 'Pastel', 'paper and plywood']",,,Pastel,paper and plywood
Pen and Ink,"['Pen', 'Ink', '', '']",Pen,Ink,,
Pen and brown ink drawing on paper,"['', '', 'Pen and brown ink drawing', 'paper']",,,Pen and brown ink drawing,paper
Pen and ink,"['Pen', 'ink', '', '']",Pen,ink,,
Pen and ink and grey wash,"['Pen', 'ink', '', '']",Pen,ink,,
Pen and ink heightened with white on paper,"['', '', 'Pen and ink heightened with white', 'paper']",,,Pen and ink heightened with white,paper
Pen and ink on laid paper,"['', '', 'Pen and ink', 'laid paper']",,,Pen and ink,laid paper
Pen and ink on paper,"['', '', 'Pen and ink', 'paper']",,,Pen and ink,paper
Pen and ink on plastic shading sheets,"['', '', 'Pen and ink', 'plastic shading sheets']",,,Pen and ink,plastic shading sheets
Pen and ink on wove paper,"['', '', 'Pen and ink', 'wove paper']",,,Pen and ink,wove paper
Pen and ink wash on paper,"['', '', 'Pen and ink wash', 'paper']",,,Pen and ink wash,paper
Pen and ink with brown wash on paper,"['', '', 'Pen and ink with brown wash', 'paper']",,,Pen and ink with brown wash,paper
Pen and ink with gray wash on paper,"['', '', 'Pen and ink with gray wash', 'paper']",,,Pen and ink with gray wash,paper
Pen and ink with wash and gouache on paper,"['', '', 'Pen and ink with wash and gouache', 'paper']",,,Pen and ink with wash and gouache,paper
Pen and ink with wash on paper,"['', '', 'Pen and ink with wash', 'paper']",,,Pen and ink with wash,paper
Pen and ink with watercolor on paper,"['', '', 'Pen and ink with watercolor', 'paper']",,,Pen and ink with watercolor,paper
Pen and sepia ink on paper,"['', '', 'Pen and sepia ink', 'paper']",,,Pen and sepia ink,paper
Pen and tempera on paper,"['', '', 'Pen and tempera', 'paper']",,,Pen and tempera,paper
"Pen, brush and ink","['Pen, brush', 'ink', '', '']","Pen, brush",ink,,
"Pen, brush, ink, heightened with color, on paper","['', '', 'Pen, brush, ink, heightened with color,', 'paper']",,,"Pen, brush, ink, heightened with color,",paper
"Pen, crayon and wash on paper","['', '', 'Pen, crayon and wash', 'paper']",,,"Pen, crayon and wash",paper
"Pen, ink, and pencil on paper","['', '', 'Pen, ink, and pencil', 'paper']",,,"Pen, ink, and pencil",paper
"Pen, ink, and watercolor on paper","['', '', 'Pen, ink, and watercolor', 'paper']",,,"Pen, ink, and watercolor",paper
Pencil and sanguine wash on paper,"['', '', 'Pencil and sanguine wash', 'paper']",,,Pencil and sanguine wash,paper
Pencil on paper,"['', '', 'Pencil', 'paper']",,,Pencil,paper
Pewter and brass,"['Pewter', 'brass', '', '']",Pewter,brass,,
Photo lithograph,"['', '', '', '']",,,,
Photo lithograph and recording,"['Photo lithograph', 'recording', '', '']",Photo lithograph,recording,,
Photo-derived etching,"['', '', '', '']",,,,
"Photo-derived woodcut on Korean mulberry paper, laminated verso, with five sheets of the same","['', '', 'Photo-derived woodcut', 'Korean mulberry paper, laminated verso, with five sheets of the same']",,,Photo-derived woodcut,"Korean mulberry paper, laminated verso, with five sheets of the same"
Photoengraving,"['Photoengraving', '', '', '']",Photoengraving,,,
Photograph,"['Photograph', '', '', '']",Photograph,,,
Photographic reproduction,"['', '', '', '']",,,,
Photogravure,"['Photogravure', '', '', '']",Photogravure,,,
Photolithograph,"['Photolithograph', '', '', '']",Photolithograph,,,
Photolithograph or Transfer Print,"['', '', '', '']",,,,
Pigment on fiber paper,"['', '', 'Pigment', 'fiber paper']",,,Pigment,fiber paper
Pigment print on fiber paper,"['', '', 'Pigment print', 'fiber paper']",,,Pigment print,fiber paper
Pigment print on inkjet paper,"['', '', 'Pigment print', 'inkjet paper']",,,Pigment print,inkjet paper
Pigments and casein on linen,"['', '', 'Pigments and casein', 'linen']",,,Pigments and casein,linen
Pigments and casein on linen mounted on board,"['', '', 'Pigments and casein', 'linen mounted']",,,Pigments and casein,linen mounted
Pigments and casien on linen,"['', '', 'Pigments and casien', 'linen']",,,Pigments and casien,linen
Plaster,"['Plaster', '', '', '']",Plaster,,,
Plaster with paint,"['', '', '', '']",,,,
Pocelain with sang de beouf glaze,"['', '', '', '']",,,,
Polaroid,"['Polaroid', '', '', '']",Polaroid,,,
Polychrome on wood (walnut),"['', '', 'Polychrome', 'wood (walnut)']",,,Polychrome,wood (walnut)
"Polychrome, terracotta","['', '', '', '']",,,,
Polychromed wood,"['', '', '', '']",,,,
Polychromed wood with raffia skirt remnant,"['', '', '', '']",,,,
Polymer,"['Polymer', '', '', '']",Polymer,,,
Polymer and collage on canvas,"['', '', 'Polymer and collage', 'canvas']",,,Polymer and collage,canvas
Polymer and tempera on panel,"['', '', 'Polymer and tempera', 'panel']",,,Polymer and tempera,panel
Polymer on canvas,"['', '', 'Polymer', 'canvas']",,,Polymer,canvas
Porcelain,"['Porcelain', '', '', '']",Porcelain,,,
Porcelain with celadon glaze and overglaze enamels,"['Porcelain with celadon glaze', 'overglaze enamels', '', '']",Porcelain with celadon glaze,overglaze enamels,,
Porcelain with color and gold enamel glazes,"['Porcelain with color', 'gold enamel glazes', '', '']",Porcelain with color,gold enamel glazes,,
Porcelain with five-color enameled glaze,"['', '', '', '']",,,,
Porcelain with ge-yao type glaze,"['', '', '', '']",,,,
Porcelain with glaze,"['', '', '', '']",,,,
Porcelain with gold and enamel glazes,"['Porcelain with gold', 'enamel glazes', '', '']",Porcelain with gold,enamel glazes,,
Porcelain with ormolu decoration,"['', '', '', '']",,,,
Porcelain with over glaze enamels,"['', '', '', '']",,,,
Porcelain with overglaze enamels,"['', '', '', '']",,,,
Porcelain with sang de boeuf glaze,"['', '', '', '']",,,,
Porcelain with tomato red coloration,"['', '', '', '']",,,,
Porcelain with underglaze,"['', '', '', '']",,,,
Print,"['Print', '', '', '']",Print,,,
Punchong stoneware with celadon glaze,"['', '', '', '']",,,,
Rattan,"['Rattan', '', '', '']",Rattan,,,
Record album,"['', '', '', '']",,,,
Red chalk on laid paper,"['', '', 'Red chalk', 'laid paper']",,,Red chalk,laid paper
Red crayon on wove paper,"['', '', 'Red crayon', 'wove paper']",,,Red crayon,wove paper
Reduction collagraph and lead type on chipboard (printed on Vandercook 219…,"['', '', 'Reduction collagraph and lead type', 'chipboard (printed']",,,Reduction collagraph and lead type,chipboard (printed
Relief print,"['', '', '', '']",,,,
Repeated collage intaglio prints,"['', '', '', '']",,,,
Reproduction,"['Reproduction', '', '', '']",Reproduction,,,
Resist dye on cotton or linen fabric mounted on paper,"['', '', 'Resist dye', 'cotton or linen fabric mounted']",,,Resist dye,cotton or linen fabric mounted
Rhinoceros horn,"['', '', '', '']",,,,
Rice paper,"['', '', '', '']",,,,
Sandstone,"['Sandstone', '', '', '']",Sandstone,,,
Sanguine drawing on paper,"['', '', 'Sanguine drawing', 'paper']",,,Sanguine drawing,paper
Satsuma ware porcelain with color and gold enamel glazes,"['Satsuma ware porcelain with color', 'gold enamel glazes', '', '']",Satsuma ware porcelain with color,gold enamel glazes,,
Sawankhalok stoneware with a crackle glaze,"['', '', '', '']",,,,
Screen print,"['', '', '', '']",,,,
Screen print (on Arches paper),"['', '', '', '']",,,,
Screen print and gold foil,"['Screen print', 'gold foil', '', '']",Screen print,gold foil,,
Screen print and photo collage,"['Screen print', 'photo collage', '', '']",Screen print,photo collage,,
Screen print and silver foil,"['Screen print', 'silver foil', '', '']",Screen print,silver foil,,
Screen print on Japanese paper,"['', '', 'Screen print', 'Japanese paper']",,,Screen print,Japanese paper
Screen print on Lenox Museum Board,"['', '', 'Screen print', 'Lenox Museum Board']",,,Screen print,Lenox Museum Board
Screen print on Strathmore bristol board,"['', '', 'Screen print', 'Strathmore bristol board']",,,Screen print,Strathmore bristol board
Screen print on eight Plexiglas panels with a wood base,"['', '', 'Screen print', 'eight Plexiglas panels with a wood base']",,,Screen print,eight Plexiglas panels with a wood base
Screen print on two felt panels,"['', '', 'Screen print', 'two felt panels']",,,Screen print,two felt panels
Screen print on vacuformed plastic,"['', '', 'Screen print', 'vacuformed plastic']",,,Screen print,vacuformed plastic
Screen print on vacuformed plastic on wood,"['', '', 'Screen print', 'vacuformed plastic']",,,Screen print,vacuformed plastic
Screen print with diamond dust on Arches Aquarelle (Cold Pressed) paper,"['', '', 'Screen print with diamond dust', 'Arches Aquarelle (Cold Pressed) paper']",,,Screen print with diamond dust,Arches Aquarelle (Cold Pressed) paper
Screen print with puched holes,"['', '', '', '']",,,,
Screen prints,"['', '', '', '']",,,,
Screenprint on coventry rag paper,"['', '', 'Screenprint', 'coventry rag paper']",,,Screenprint,coventry rag paper
"Serpentine, hardstone, ivory","['', '', '', '']",,,,
Seto ware porcelain,"['', '', '', '']",,,,
Silk,"['Silk', '', '', '']",Silk,,,
Silk with silver and gold thread,"['Silk with silver', 'gold thread', '', '']",Silk with silver,gold thread,,
Silkscreen and photography,"['Silkscreen', 'photography', '', '']",Silkscreen,photography,,
Silver,"['Silver', '', '', '']",Silver,,,
Silver gelatin print,"['', '', '', '']",,,,
Soapstone,"['Soapstone', '', '', '']",Soapstone,,,
Soft ground etching,"['', '', '', '']",,,,
Stained glass in leaded frame,"['', '', '', '']",,,,
Stainless steel and bronze,"['Stainless steel', 'bronze', '', '']",Stainless steel,bronze,,
Stamped brass with a leaf design,"['', '', '', '']",,,,
Staples and paper,"['Staples', 'paper', '', '']",Staples,paper,,
Steel,"['Steel', '', '', '']",Steel,,,
Steel engraving,"['', '', '', '']",,,,
Stencil print,"['', '', '', '']",,,,
Stone,"['Stone', '', '', '']",Stone,,,
Stone with silk tassels,"['', '', '', '']",,,,
Stone with traces of polychrome,"['', '', '', '']",,,,
"Stone, wood","['', '', '', '']",,,,
Stoneware,"['Stoneware', '', '', '']",Stoneware,,,
Stoneware with bamboo,"['', '', '', '']",,,,
Stoneware with brown glaze,"['', '', '', '']",,,,
Stoneware with enamel glazes,"['', '', '', '']",,,,
Stoneware with glazes composed of ashes from Sylvia Hyman and other materials,"['Stoneware with glazes composed of ashes from Sylvia Hyman', 'other materials', '', '']",Stoneware with glazes composed of ashes from Sylvia Hyman,other materials,,
Stoneware with incised decoration under celadon glaze (Yue ware),"['', '', '', '']",,,,
Stoneware with overglaze enamels,"['', '', '', '']",,,,
Stoneware with traces of green glaze,"['', '', '', '']",,,,
"Sugar-lift aquatint in one color, with screen printing in one color on chine collé","['', '', 'Sugar-lift aquatint in one color, with screen printing in one color', 'chine collé']",,,"Sugar-lift aquatint in one color, with screen printing in one color",chine collé
Tapestry,"['Tapestry', '', '', '']",Tapestry,,,
Tempera and gold leaf mounted on panel,"['', '', 'Tempera and gold leaf mounted', 'panel']",,,Tempera and gold leaf mounted,panel
Tempera and ink on paper,"['', '', 'Tempera and ink', 'paper']",,,Tempera and ink,paper
Tempera on panel,"['', '', 'Tempera', 'panel']",,,Tempera,panel
Tempera on paper,"['', '', 'Tempera', 'paper']",,,Tempera,paper
Tempera on wood panel,"['', '', 'Tempera', 'wood panel']",,,Tempera,wood panel
Tempera or acrylic  on illustration board,"['', '', 'Tempera or acrylic ', 'illustration board']",,,Tempera or acrylic ,illustration board
Tempera with oil on panel,"['', '', 'Tempera with oil', 'panel']",,,Tempera with oil,panel
Terracotta,"['Terracotta', '', '', '']",Terracotta,,,
"Terracotta, oil paint","['', '', '', '']",,,,
Textile,"['Textile', '', '', '']",Textile,,,
Three color lithograph with horse hair bundles,"['', '', '', '']",,,,
"Three run, two-color lithograph on Gold Abaca paper with collaging","['', '', 'Three run, two-color lithograph', 'Gold Abaca paper with collaging']",,,"Three run, two-color lithograph",Gold Abaca paper with collaging
Torn paper and painting on shikishi,"['', '', 'Torn paper and painting', 'shikishi']",,,Torn paper and painting,shikishi
Torn paper on shikishi (square of cardboard),"['', '', 'Torn paper', 'shikishi (square of cardboard)']",,,Torn paper,shikishi (square of cardboard)
"Tortoise shell, celluloid","['', '', '', '']",,,,
Tsuboya-yaki stoneware,"['', '', '', '']",,,,
"Typewriting, graphite and colored pencil on paper","['', '', 'Typewriting, graphite and colored pencil', 'paper']",,,"Typewriting, graphite and colored pencil",paper
"United States and Mexican flags, embroidery","['United States', 'Mexican flags, embroidery', '', '']",United States,"Mexican flags, embroidery",,
Vegetable fibers and nassa shells,"['Vegetable fibers', 'nassa shells', '', '']",Vegetable fibers,nassa shells,,
Volcanic material,"['', '', '', '']",,,,
Water-based Screenprint,"['', '', '', '']",,,,
Watercolor,"['Watercolor', '', '', '']",Watercolor,,,
Watercolor and pencil on paper,"['', '', 'Watercolor and pencil', 'paper']",,,Watercolor and pencil,paper
Watercolor on paper,"['', '', 'Watercolor', 'paper']",,,Watercolor,paper
Watercolor on tissue mounted on cardstock,"['', '', 'Watercolor', 'tissue mounted']",,,Watercolor,tissue mounted
"Watercolor on wove paper, mounted on illustration board","['', '', 'Watercolor', 'wove paper, mounted']",,,Watercolor,"wove paper, mounted"
"Watercolor, ink and Prismacolor on cotton fiber, amate (bark), and hand-made papers with ribbon and African totems and spears","['', '', 'Watercolor, ink and Prismacolor', 'cotton fiber, amate (bark), and hand-made papers with ribbon and African totems and spears']",,,"Watercolor, ink and Prismacolor","cotton fiber, amate (bark), and hand-made papers with ribbon and African totems and spears"
"Watercolor, ink and graphite on paper","['', '', 'Watercolor, ink and graphite', 'paper']",,,"Watercolor, ink and graphite",paper
Wet chalk and paint on paper,"['', '', 'Wet chalk and paint', 'paper']",,,Wet chalk and paint,paper
Wood,"['Wood', '', '', '']",Wood,,,
Wood and beads,"['Wood', 'beads', '', '']",Wood,beads,,
Wood and carved root,"['Wood', 'carved root', '', '']",Wood,carved root,,
Wood and metal,"['Wood', 'metal', '', '']",Wood,metal,,
Wood and mother of pearl,"['Wood', 'mother of pearl', '', '']",Wood,mother of pearl,,
Wood and vegetable fiber,"['Wood', 'vegetable fiber', '', '']",Wood,vegetable fiber,,
Wood engraving,"['', '', '', '']",,,,
Wood engraving on Japan paper,"['', '', 'Wood engraving', 'Japan paper']",,,Wood engraving,Japan paper
Wood with black stain,"['', '', '', '']",,,,
Wood with copper sheating and raffia remnant,"['Wood with copper sheating', 'raffia remnant', '', '']",Wood with copper sheating,raffia remnant,,
Wood with glass beads,"['', '', '', '']",,,,
Wood with lacquer and gilt,"['Wood with lacquer', 'gilt', '', '']",Wood with lacquer,gilt,,
Wood with paint,"['', '', '', '']",,,,
Wood with pigment,"['', '', '', '']",,,,
Wood with red and gold paint,"['Wood with red', 'gold paint', '', '']",Wood with red,gold paint,,
Wood with tapestry,"['', '', '', '']",,,,
Wood with traces of gold gilt,"['', '', '', '']",,,,
Wood with traces of paint,"['', '', '', '']",,,,
Wood with traces of polychrome,"['', '', '', '']",,,,
"Wood, animal skin","['', '', '', '']",,,,
"Wood, cloth, rock","['', '', '', '']",,,,
"Wood, gilt","['', '', '', '']",,,,
"Wood, glass beads","['', '', '', '']",,,,
"Wood, glass, and metal","['Wood, glass,', 'metal', '', '']","Wood, glass,",metal,,
"Wood, gold and silver","['Wood, gold', 'silver', '', '']","Wood, gold",silver,,
"Wood, human hair, pigment, Boar Tusks","['', '', '', '']",,,,
"Wood, ivory, cloth and leather","['Wood, ivory, cloth', 'leather', '', '']","Wood, ivory, cloth",leather,,
"Wood, metal","['', '', '', '']",,,,
"Wood, pigment","['', '', '', '']",,,,
"Wood, plant fiber","['', '', '', '']",,,,
"Wood, shells","['', '', '', '']",,,,
"Wood, shells, other organic materials","['', '', '', '']",,,,
"Wood, silver and gold","['Wood, silver', 'gold', '', '']","Wood, silver",gold,,
Wood-block,"['Wood-block', '', '', '']",Wood-block,,,
Wood-block print,"['', '', '', '']",,,,
Wood-block print on Japan paper,"['', '', 'Wood-block print', 'Japan paper']",,,Wood-block print,Japan paper
Woodblock print,"['', '', '', '']",,,,
Woodblock print from a book,"['', '', '', '']",,,,
Woodblock print on Japanese rice paper,"['', '', 'Woodblock print', 'Japanese rice paper']",,,Woodblock print,Japanese rice paper
Woodcut,"['Woodcut', '', '', '']",Woodcut,,,
Woodcut on Japan paper,"['', '', 'Woodcut', 'Japan paper']",,,Woodcut,Japan paper
Woodcut on handmade rice paper,"['', '', 'Woodcut', 'handmade rice paper']",,,Woodcut,handmade rice paper
Woodcut on laid paper,"['', '', 'Woodcut', 'laid paper']",,,Woodcut,laid paper
Woodcut on vellum,"['', '', 'Woodcut', 'vellum']",,,Woodcut,vellum
Woodcut on wove paper,"['', '', 'Woodcut', 'wove paper']",,,Woodcut,wove paper
"Woodcut on wove paper; Woodcut on wove paper with hand coloring; Film, duration: 1:02:28","['', '', 'Woodcut', 'wove paper; Woodcut']",,,Woodcut,wove paper; Woodcut
Woodcut print,"['', '', '', '']",,,,
Woodcuts,"['Woodcuts', '', '', '']",Woodcuts,,,
Woodcuts on wove paper,"['', '', 'Woodcuts', 'wove paper']",,,Woodcuts,wove paper
Wooden frame,"['', '', '', '']",,,,
Zelkova wood,"['', '', '', '']",,,,
Zinc print,"['', '', '', '']",,,,
Zitan wood,"['', '', '', '']",,,,
agate,"['agate', '', '', '']",agate,,,
andesite,"['andesite', '', '', '']",andesite,,,
aquatint (printing process),"['', '', '', '']",,,,
argillite,"['argillite', '', '', '']",argillite,,,
bamboo,"['bamboo', '', '', '']",bamboo,,,
bamboo (inro); agate (ojime); root (netsuke),"['', '', '', '']",,,,
"bamboo pouch and cigarette holder, bamboo joint ojime","['bamboo pouch', 'cigarette holder, bamboo joint ojime', '', '']",bamboo pouch,"cigarette holder, bamboo joint ojime",,
bamboo root,"['', '', '', '']",,,,
bamboo with metal hinged lid,"['', '', '', '']",,,,
batik and painting on silk,"['', '', 'batik and painting', 'silk']",,,batik and painting,silk
bizen ware,"['', '', '', '']",,,,
"black & brown lacquer inro, coral ojime, ivory netsuke","['', '', '', '']",,,,
black lacquer with inlaid mother of pearl and ivory,"['black lacquer with inlaid mother of pearl', 'ivory', '', '']",black lacquer with inlaid mother of pearl,ivory,,
black lacquer with mother-of-pearl inlay,"['', '', '', '']",,,,
black lacquer with red and gold lacquer,"['black lacquer with red', 'gold lacquer', '', '']",black lacquer with red,gold lacquer,,
black metal and gold,"['black metal', 'gold', '', '']",black metal,gold,,
"blind intaglio and screenprints, with hand-set text printed letterpress on 300 gsm Somerset rag-made paper","['', '', 'blind intaglio and screenprints, with hand-set text printed letterpress', '300 gsm Somerset rag-made paper']",,,"blind intaglio and screenprints, with hand-set text printed letterpress",300 gsm Somerset rag-made paper
bone,"['bone', '', '', '']",bone,,,
bone and silver,"['bone', 'silver', '', '']",bone,silver,,
bone with wood inlay,"['', '', '', '']",,,,
book,"['book', '', '', '']",book,,,
"book, inkjet-print","['', '', '', '']",,,,
"book, letterpress","['', '', '', '']",,,,
brass,"['brass', '', '', '']",brass,,,
bronze,"['bronze', '', '', '']",bronze,,,
bronze (metal),"['', '', '', '']",,,,
bronze with a rattan-wrapped handle,"['', '', '', '']",,,,
bronze with gilding,"['', '', '', '']",,,,
bronze with gold inlay,"['', '', '', '']",,,,
bronze with rattan-wrapped handle,"['', '', '', '']",,,,
bronze with rattan-wrapped handle; lacquered wood box,"['', '', '', '']",,,,
bronze with silver and gilt,"['bronze with silver', 'gilt', '', '']",bronze with silver,gilt,,
bronze with traces of gilt,"['', '', '', '']",,,,
"bronze, gilt, and silver","['bronze, gilt,', 'silver', '', '']","bronze, gilt,",silver,,
"bronze, originally enamelled (traces visible)","['', '', '', '']",,,,
"bronze, with a rattan-wrapped handle","['', '', '', '']",,,,
carved bamboo with metal hinges and clasp,"['carved bamboo with metal hinges', 'clasp', '', '']",carved bamboo with metal hinges,clasp,,
carved black lacquer,"['', '', '', '']",,,,
carved palm root,"['', '', '', '']",,,,
ceramic,"['ceramic', '', '', '']",ceramic,,,
ceramic (material),"['', '', '', '']",,,,
ceramics,"['ceramics', '', '', '']",ceramics,,,
cherry bark,"['', '', '', '']",,,,
chromolithograph,"['chromolithograph', '', '', '']",chromolithograph,,,
chromolithographs,"['chromolithographs', '', '', '']",chromolithographs,,,
clay,"['clay', '', '', '']",clay,,,
clay and paint,"['clay', 'paint', '', '']",clay,paint,,
cloisonné,"['cloisonné', '', '', '']",cloisonné,,,
color and gold on gold paper; bamboo ribs,"['', '', 'color and gold', 'gold paper; bamboo ribs']",,,color and gold,gold paper; bamboo ribs
color and silver on silver paper with black lacquered ribs,"['', '', 'color and silver', 'silver paper with black lacquered ribs']",,,color and silver,silver paper with black lacquered ribs
color etching,"['', '', '', '']",,,,
cotton,"['cotton', '', '', '']",cotton,,,
cotton with blue and gray,"['cotton with blue', 'gray', '', '']",cotton with blue,gray,,
cotton with dark blue & black,"['', '', '', '']",,,,
cotton with whitework,"['', '', '', '']",,,,
covered with bamboo strips; metal hinged lid,"['', '', '', '']",,,,
cut paper,"['', '', '', '']",,,,
cut-paper work,"['', '', '', '']",,,,
damascene metal ware,"['', '', '', '']",,,,
damascene ware,"['', '', '', '']",,,,
depression glass,"['', '', '', '']",,,,
drypoint etching,"['', '', '', '']",,,,
earthenware,"['earthenware', '', '', '']",earthenware,,,
engraving,"['engraving', '', '', '']",engraving,,,
engraving (printing process),"['', '', '', '']",,,,
etching,"['etching', '', '', '']",etching,,,
etching (printing process),"['', '', '', '']",,,,
etching on antique paper,"['', '', 'etching', 'antique paper']",,,etching,antique paper
etching on chine collé,"['', '', 'etching', 'chine collé']",,,etching,chine collé
gelatin silver print,"['', '', '', '']",,,,
gilded bronze,"['', '', '', '']",,,,
gilt metal,"['', '', '', '']",,,,
glazed porcelain,"['', '', '', '']",,,,
glazed stoneware,"['', '', '', '']",,,,
glazed stoneware with wooden box,"['', '', '', '']",,,,
gold (metal),"['', '', '', '']",,,,
gold and black lacquer,"['gold', 'black lacquer', '', '']",gold,black lacquer,,
granite,"['granite', '', '', '']",granite,,,
hand colored engraving,"['', '', '', '']",,,,
hand colored lithograph,"['', '', '', '']",,,,
ink and color on paper,"['', '', 'ink and color', 'paper']",,,ink and color,paper
ink and color on silk,"['', '', 'ink and color', 'silk']",,,ink and color,silk
ink and color on silk (possibly printed),"['', '', 'ink and color', 'silk (possibly printed)']",,,ink and color,silk (possibly printed)
ink and color on wood,"['', '', 'ink and color', 'wood']",,,ink and color,wood
ink and slight color on silk,"['', '', 'ink and slight color', 'silk']",,,ink and slight color,silk
ink on paper,"['', '', 'ink', 'paper']",,,ink,paper
"ink on paper, bamboo ribs","['', '', 'ink', 'paper, bamboo ribs']",,,ink,"paper, bamboo ribs"
ink on silk,"['', '', 'ink', 'silk']",,,ink,silk
ink wash on paper,"['', '', 'ink wash', 'paper']",,,ink wash,paper
ink with tempera on parchment,"['', '', 'ink with tempera', 'parchment']",,,ink with tempera,parchment
"ink, color, & gold on paper; black lacquered ribs","['', '', 'ink, color, & gold', 'paper; black lacquered ribs']",,,"ink, color, & gold",paper; black lacquered ribs
"ink, color, and gold on paper","['', '', 'ink, color, and gold', 'paper']",,,"ink, color, and gold",paper
"ink, color, and gold on paper; bamboo ribs","['', '', 'ink, color, and gold', 'paper; bamboo ribs']",,,"ink, color, and gold",paper; bamboo ribs
"ink, color, gold, and fibers on paper; bamboo ribs","['', '', 'ink, color, gold, and fibers', 'paper; bamboo ribs']",,,"ink, color, gold, and fibers",paper; bamboo ribs
"ink, color, gold, and silver on paper; bamboo ribs","['', '', 'ink, color, gold, and silver', 'paper; bamboo ribs']",,,"ink, color, gold, and silver",paper; bamboo ribs
"ink, slight color, & gold on silk","['', '', 'ink, slight color, & gold', 'silk']",,,"ink, slight color, & gold",silk
iron,"['iron', '', '', '']",iron,,,
iron with bronze inlay,"['', '', '', '']",,,,
iron with gold inlay,"['', '', '', '']",,,,
iron with inlay,"['', '', '', '']",,,,
ivory,"['ivory', '', '', '']",ivory,,,
ivory (tooth component),"['', '', '', '']",,,,
ivory and wood,"['ivory', 'wood', '', '']",ivory,wood,,
jade,"['jade', '', '', '']",jade,,,
jade (rock),"['', '', '', '']",,,,
jadeite,"['jadeite', '', '', '']",jadeite,,,
jute,"['jute', '', '', '']",jute,,,
lace,"['lace', '', '', '']",lace,,,
lacquered wood,"['', '', '', '']",,,,
lacquerware,"['lacquerware', '', '', '']",lacquerware,,,
leather and bone,"['leather', 'bone', '', '']",leather,bone,,
leather with gilt bronze clasp (pouch); ivory (ojime); bone (pipe case); bamboo with silver mouthpiece & bowl (pipe),"['', '', '', '']",,,,
leather with metal clasp (pouch); agate (ojime); wood (pipe case); bamboo with silver mouthpiece & bowl (pipe),"['', '', '', '']",,,,
leather with metal clasp (pouch); bamboo (case); coral (ojime); bamboo with silver mouthpiece & bowl(pipe),"['', '', '', '']",,,,
letterpress print,"['', '', '', '']",,,,
linocuts (prints),"['', '', '', '']",,,,
lithograph,"['lithograph', '', '', '']",lithograph,,,
lithographs,"['lithographs', '', '', '']",lithographs,,,
marble and metal,"['marble', 'metal', '', '']",marble,metal,,
metal,"['metal', '', '', '']",metal,,,
metal and green glass,"['metal', 'green glass', '', '']",metal,green glass,,
mezzotint (process),"['', '', '', '']",,,,
monoprint,"['monoprint', '', '', '']",monoprint,,,
nephrite and serpentine,"['nephrite', 'serpentine', '', '']",nephrite,serpentine,,
offset Lithography and stamp,"['offset Lithography', 'stamp', '', '']",offset Lithography,stamp,,
offset lithograph,"['', '', '', '']",,,,
offset lithographs,"['', '', '', '']",,,,
oil on canvas,"['', '', 'oil', 'canvas']",,,oil,canvas
oil on copper,"['', '', 'oil', 'copper']",,,oil,copper
oil paint,"['', '', '', '']",,,,
oil paint (pigmented coating),"['', '', '', '']",,,,
orange & white batik on brown or black cotton,"['', '', 'orange & white batik', 'brown or black cotton']",,,orange & white batik,brown or black cotton
"orange, yellow, white, and blue batik on black cotton","['', '', 'orange, yellow, white, and blue batik', 'black cotton']",,,"orange, yellow, white, and blue batik",black cotton
"painted leather over wood, decorated with gilt","['', '', '', '']",,,,
painted mud with feathers and teeth,"['painted mud with feathers', 'teeth', '', '']",painted mud with feathers,teeth,,
painted plaster,"['', '', '', '']",,,,
painted wood,"['', '', '', '']",,,,
palm wood,"['', '', '', '']",,,,
panel,"['panel', '', '', '']",panel,,,
paper and wood,"['paper', 'wood', '', '']",paper,wood,,
papier mâché,"['', '', '', '']",,,,
parian ware,"['', '', '', '']",,,,
pen-and-wash drawing,"['', '', '', '']",,,,
pen-and-wash drawings,"['', '', '', '']",,,,
pen-and-wash on paper,"['', '', 'pen-and-wash', 'paper']",,,pen-and-wash,paper
photo reproductions,"['', '', '', '']",,,,
photoengraving,"['photoengraving', '', '', '']",photoengraving,,,
photographic prints,"['', '', '', '']",,,,
photolithography,"['photolithography', '', '', '']",photolithography,,,
pitch and red berries,"['pitch', 'red berries', '', '']",pitch,red berries,,
polychromed terra cotta,"['', '', '', '']",,,,
polychromed terracotta,"['', '', '', '']",,,,
porcelain,"['porcelain', '', '', '']",porcelain,,,
porcelain with brown glaze,"['', '', '', '']",,,,
porcelain with celadon glaze,"['', '', '', '']",,,,
porcelain with glaze,"['', '', '', '']",,,,
porcelain with green and white glaze,"['porcelain with green', 'white glaze', '', '']",porcelain with green,white glaze,,
porcelain with green glaze,"['', '', '', '']",,,,
porcelain with underglaze blue,"['', '', '', '']",,,,
porcelain with underglaze blue design of dragons,"['', '', '', '']",,,,
porcelain with white glaze,"['', '', '', '']",,,,
poster,"['poster', '', '', '']",poster,,,
print on Hahnemühle Photorag Fine Art paper,"['', '', 'print', 'Hahnemühle Photorag Fine Art paper']",,,print,Hahnemühle Photorag Fine Art paper
quartz crystal,"['', '', '', '']",,,,
red & black lacquered wood with mother-of-pearl inlay,"['', '', '', '']",,,,
reproduction,"['reproduction', '', '', '']",reproduction,,,
reproduction on paper; bamboo ribs,"['', '', 'reproduction', 'paper; bamboo ribs']",,,reproduction,paper; bamboo ribs
resin,"['resin', '', '', '']",resin,,,
screen print,"['', '', '', '']",,,,
screen prints,"['', '', '', '']",,,,
silk,"['silk', '', '', '']",silk,,,
silk with silk floss padding,"['', '', '', '']",,,,
silver,"['silver', '', '', '']",silver,,,
stencil print,"['', '', '', '']",,,,
stone,"['stone', '', '', '']",stone,,,
"stone, with gilt","['', '', '', '']",,,,
stoneware,"['stoneware', '', '', '']",stoneware,,,
stoneware (pottery),"['', '', '', '']",,,,
stoneware with brown glaze,"['', '', '', '']",,,,
stoneware with celadon glaze & iron oxide spots,"['', '', '', '']",,,,
stoneware with green overglaze,"['', '', '', '']",,,,
stoneware with tan on dark blue glaze,"['', '', 'stoneware with tan', 'dark blue glaze']",,,stoneware with tan,dark blue glaze
stoneware with temmoku glaze,"['', '', '', '']",,,,
tea stained ivory,"['', '', '', '']",,,,
teeth,"['teeth', '', '', '']",teeth,,,
terracotta,"['terracotta', '', '', '']",terracotta,,,
terracotta (clay material),"['', '', '', '']",,,,
"tie-dyed silk w/gold, silver, silk embroidery","['', '', '', '']",,,,
tortoise shell,"['', '', '', '']",,,,
tortoise shell and gold lacquer,"['tortoise shell', 'gold lacquer', '', '']",tortoise shell,gold lacquer,,
"tortoise shell with coral, shell, and ivory","['tortoise shell with coral, shell,', 'ivory', '', '']","tortoise shell with coral, shell,",ivory,,
tortoise shell with gilt bronze border,"['', '', '', '']",,,,
tortoise shell with gold & mother-of-pearl inlay,"['', '', '', '']",,,,
tortoise shell with gold lacquer,"['', '', '', '']",,,,
tortoise shell with gold leaf,"['', '', '', '']",,,,
tortoise shell with mother-of-pearl inlay,"['', '', '', '']",,,,
"various papers, silk, pencil, and ink","['various papers, silk, pencil,', 'ink', '', '']","various papers, silk, pencil,",ink,,
wood,"['wood', '', '', '']",wood,,,
wood and fur,"['wood', 'fur', '', '']",wood,fur,,
wood and metal,"['wood', 'metal', '', '']",wood,metal,,
wood and paint,"['wood', 'paint', '', '']",wood,paint,,
wood and paper,"['wood', 'paper', '', '']",wood,paper,,
wood covered with ray skin (handle); metal (kashira),"['', '', '', '']",,,,
"wood covered with ray skin (handle); metal (kashira, fuchi, menuki)","['', '', '', '']",,,,
wood engraving,"['', '', '', '']",,,,
wood engravings (prints),"['', '', '', '']",,,,
wood with traces of polychrome,"['', '', '', '']",,,,
"wood, metal, and crystal","['wood, metal,', 'crystal', '', '']","wood, metal,",crystal,,
wood-block print with brass handles,"['', '', '', '']",,,,
woodblock print,"['', '', '', '']",,,,
woodcut,"['woodcut', '', '', '']",woodcut,,,
woodcut and letter press on wove paper,"['', '', 'woodcut and letter press', 'wove paper']",,,woodcut and letter press,wove paper
wool,"['wool', '', '', '']",wool,,,
wove paper,"['', '', '', '']",,,,
woven bamboo case with wooden netsuke,"['', '', '', '']",,,,
woven bamboo with metal clasp,"['', '', '', '']",,,,
zelkova wood,"['', '', '', '']",,,,
